{
  "start_time": "2025-12-10T18:14:35.532287",
  "stages": {
    "fetch": {
      "success": true,
      "duration": 24.79257106781006,
      "jobs_fetched": 21
    },
    "clean": {
      "success": true,
      "duration": 0.8963761329650879,
      "jobs_cleaned": 165
    },
    "skills": {
      "success": true,
      "duration": 168.82133293151855,
      "jobs_processed": 165
    },
    "clusters": {
      "success": true,
      "duration": 12.593523979187012,
      "categories": 12
    },
    "aggregate": {
      "success": true,
      "duration": 0.14835500717163086
    },
    "forecast": {
      "success": true,
      "duration": 1.3951940536499023,
      "forecast_days": 30
    },
    "alerts": {
      "success": true,
      "duration": 0.018043041229248047,
      "alerts_generated": 12
    },
    "jmmi": {
      "success": true,
      "duration": 0.016494274139404297,
      "jmmi_score": 75.1
    },
    "export": {
      "success": true,
      "duration": 0.0318758487701416,
      "files_created": 6
    }
  },
  "success": true,
  "error": null,
  "total_duration": 208.72394394874573
}