{
  "start_time": "2025-12-11T16:00:48.169099",
  "stages": {
    "fetch": {
      "success": true,
      "duration": 52.19185423851013,
      "jobs_fetched": 193
    },
    "clean": {
      "success": true,
      "duration": 1.1244621276855469,
      "jobs_cleaned": 322
    },
    "skills": {
      "success": true,
      "duration": 361.1353180408478,
      "jobs_processed": 322
    },
    "clusters": {
      "success": true,
      "duration": 25.0279061794281,
      "categories": 12
    },
    "aggregate": {
      "success": true,
      "duration": 0.18997406959533691
    },
    "forecast": {
      "success": true,
      "duration": 2.740203857421875,
      "forecast_days": 30
    },
    "alerts": {
      "success": true,
      "duration": 0.02266073226928711,
      "alerts_generated": 17
    },
    "jmmi": {
      "success": true,
      "duration": 0.01593613624572754,
      "jmmi_score": 61.2
    },
    "export": {
      "success": true,
      "duration": 0.05605292320251465,
      "files_created": 6
    }
  },
  "success": true,
  "error": null,
  "total_duration": 442.5118200778961
}